{
  "model_type": "AdaBoost",
  "trained_date": "2026-05-27T03:50:18.000000",
  "metrics": {
    "Model": "AdaBoost",
    "Accuracy": 0.7821149751596878,
    "Precision": 0.5632183908045977,
    "Recall": 0.7882037533512064,
    "F1 Score": 0.6569832402234637,
    "ROC-AUC": 0.8637068224869833
  },
  "hyperparameters": {
    "n_estimators": 100,
    "learning_rate": 1.0,
    "random_state": 42
  }
}